file;distance(avg);distance(std);distance(min);time(avg);time(std);time(max)
rc105C5.txt;382.61501375365617;0.0;382.61501375365617;2.1910510200000006;0.15999564187498766;2.356156500000001
